mcg,gvh,alm,mit,erl,pox,vac,nuc
0.07585990919151292,0.48439688539310133,-0.20055005125900585,1.1895060100966341,-0.28680895153194574,-0.27095058031486213,0.28098268408913346,0.12462183963542668
0.08414380141723521,-0.10449279808317428,-0.002320728911139676,-0.005260370369796697,-0.28877249306620417,1.868624927173465,0.004839967872819886,-0.023303775001735402
-0.038303163623157825,-0.24181786846531536,0.15709667276029152,-0.5209545518821328,-0.4535977828184444,-0.37871236883326886,-0.11062012110356499,-0.11926481679960818
-0.06486009229599243,0.04859620722384537,-0.12096726764351669,-0.236020829144236,1.6329233377211925,-0.14042458491619048,-0.08949095773360298,0.14423312510075095
